,0,1,2,3,4,5,6,7,8,9
0,0.224187975121,0.272727272727,0.268292682927,0.213743218807,0.213647264007,0.0,0.0,0.0,0.0,0.0
1,0.2296030871,0.216216216216,0.25,0.202774108322,0.221264041756,0.0,0.0,0.0,0.0,0.0
2,0.236325385694,0.307692307692,0.184,0.230007917656,0.21812513438,0.0,0.0,0.0,0.0,0.0
3,0.223266584934,0.516129032258,0.178082191781,0.211626139818,0.232547848213,0.0,0.0,0.0,0.0,0.0
4,0.216449623029,0.25,0.25,0.250873786408,0.227566243598,0.0,0.0,0.0,0.0,0.0
5,0.231417312135,0.153846153846,0.328467153285,0.174542682927,0.233274647887,0.0,0.0,0.0,0.0,0.0
6,0.228562980485,0.1875,0.25,0.216532258065,0.221753794266,0.0,0.0,0.0,0.0,0.0
7,0.236537919368,0.333333333333,0.22480620155,0.210904960242,0.21738178634,0.0,0.0,0.0,0.0,0.0
8,0.242490742011,0.413793103448,0.19298245614,0.232382550336,0.213047589032,0.0,0.0,0.0,0.0,0.0
9,0.221315125427,0.285714285714,0.245283018868,0.266189624329,0.229549988916,0.0,1.0,0.0,0.0,0.0
10,0.222329962599,0.3125,0.245614035088,0.213555471412,0.223337091319,0.0,0.0,0.0,0.0,0.0
11,0.227279015078,0.428571428571,0.219047619048,0.266715921685,0.212915458398,0.0,0.0,0.0,0.0,0.0
12,0.228859250851,0.285714285714,0.260162601626,0.191535150646,0.235007049127,0.0,0.0,0.0,0.0,0.0
13,0.219222614841,0.138888888889,0.293706293706,0.245574387947,0.232283890512,0.0,0.0,0.0,0.0,0.0
14,0.228051100843,0.451612903226,0.167785234899,0.214966466643,0.226310043668,0.0,0.0,0.0,0.0,0.0
15,0.222990126939,0.0857142857143,0.165137614679,0.218535469108,0.230381646655,0.0,0.0,0.0,0.0,0.0
16,0.226717871348,0.136363636364,0.219298245614,0.188115449915,0.234865470852,0.0,0.0,0.0,0.0,0.0
17,0.232281205165,0.107142857143,0.324324324324,0.225246548323,0.235126547606,0.0,0.0,0.0,0.0,0.0
18,0.236842105263,0.047619047619,0.171779141104,0.239338235294,0.221829820108,0.0,0.0,0.0,0.0,0.0
19,0.21023549533,0.333333333333,0.224489795918,0.18693877551,0.237429860271,0.25,0.5,0.0,0.0,0.0
20,0.217018925266,0.30303030303,0.215277777778,0.218076923077,0.230990274094,0.0,0.0,0.0,0.0,0.0
21,0.227771679473,0.25,0.232142857143,0.213829387448,0.226673808249,0.0,0.0,0.0,0.0,0.0
22,0.224055273548,0.404255319149,0.33606557377,0.255813953488,0.218972668297,0.0,0.0,0.0,0.0,0.0
23,0.2403832801,0.25,0.288659793814,0.217308425467,0.232781633743,0.0,0.5,0.0,0.0,0.0
24,0.242730720607,0.269230769231,0.220472440945,0.211477987421,0.229638501742,1.0,0.571428571429,0.0,0.0,0.0
25,0.219187978616,0.342857142857,0.310344827586,0.270104579877,0.230203424894,0.0,0.0,0.0,0.0,0.0
26,0.223812801101,0.255319148936,0.162436548223,0.219984202212,0.223083642717,0.0,0.0,0.0,0.0,0.0
27,0.231118038827,0.257142857143,0.186567164179,0.233603537214,0.215248110417,0.0,0.0,0.0,0.0,0.0
28,0.219689553909,0.0833333333333,0.311475409836,0.189939637827,0.236325237592,0.0,0.0,0.0,0.0,0.0
29,0.244284876905,0.161290322581,0.134328358209,0.19771468144,0.233408870185,0.0,0.0,0.0,0.0,0.0
30,0.218435432844,0.214285714286,0.2578125,0.226761150479,0.223482877069,1.0,1.0,0.0,0.0,0.0
31,0.220395653385,0.0533333333333,0.171875,0.237039685377,0.222782589628,0.0,0.5,0.0,0.0,0.0
32,0.218015482055,0.030303030303,0.233766233766,0.212999216915,0.236655386966,0.0,0.0,0.0,0.0,0.0
33,0.232085871773,0.387096774194,0.0892018779343,0.213009292352,0.226333907057,0.0,0.0,0.0,0.0,0.0
34,0.242953776776,0.139534883721,0.111111111111,0.208711433757,0.215227099445,0.0,0.0,0.0,0.0,0.0
35,0.229016120067,0.191489361702,0.289256198347,0.246484375,0.207190671561,0.0,0.0,0.0,0.0,0.0
36,0.218181818182,0.108108108108,0.202898550725,0.219243481454,0.232746666667,1.0,1.0,0.0,0.0,0.0
37,0.223714873201,0.304347826087,0.228070175439,0.265079365079,0.227538428231,0.0,1.0,0.0,0.0,0.0
38,0.226133565117,0.342105263158,0.164772727273,0.21976284585,0.226553246474,0.0,0.0,0.0,0.0,0.0
39,0.227802037846,0.112676056338,0.232142857143,0.209251101322,0.221911321567,0.0,0.0,0.0,0.0,0.0
40,0.216220172742,0.481481481481,0.276422764228,0.245723172628,0.223506743738,0.0,0.0,0.0,0.0,0.0
41,0.225699451976,0.35,0.284552845528,0.218677301429,0.242044685173,0.0,0.0,0.0,0.0,0.0
42,0.228034047227,0.153846153846,0.163461538462,0.202056008508,0.229508196721,1.0,0.8,0.0,0.0,0.0
43,0.229032258065,0.384615384615,0.270676691729,0.212331265961,0.227395411606,0.0,0.0,0.0,0.0,0.0
44,0.230461750517,0.272727272727,0.245762711864,0.234415029889,0.224632314041,0.0,0.0,0.0,0.0,0.0
45,0.225792444637,0.346153846154,0.0869565217391,0.222531293463,0.211267605634,0.0,0.0,0.0,0.0,0.0
46,0.242553191489,0.216216216216,0.25,0.217037037037,0.23079492318,0.0,0.0,0.0,0.0,0.0
47,0.235392787252,0.15625,0.188571428571,0.252987227029,0.216015092758,0.0,0.0,0.0,0.0,0.0
48,0.230521300448,0.344827586207,0.212598425197,0.23703142749,0.220502045781,0.0,0.0,0.0,0.0,0.0
49,0.218430988673,0.233333333333,0.224637681159,0.248545948042,0.229697365556,0.0,0.0,0.0,0.0,0.0
50,0.220617672291,0.333333333333,0.149659863946,0.25202213708,0.223691282382,1.0,1.0,0.0,0.0,0.0
51,0.235670601621,0.0333333333333,0.206896551724,0.215945512821,0.215084102008,0.0,0.0,0.0,0.0,0.0
52,0.223410163843,0.323529411765,0.244094488189,0.222662440571,0.229076838032,0.0,0.0,0.0,0.0,0.0
53,0.22801578354,0.121212121212,0.371428571429,0.238823529412,0.216365568544,0.0,0.666666666667,0.0,0.0,0.0
54,0.238974799542,0.26,0.153439153439,0.232314776057,0.220637938319,1.0,0.0,0.0,0.0,0.0
55,0.225543859649,0.259259259259,0.248062015504,0.222898440472,0.227218934911,0.0,0.0,0.0,0.0,0.0
56,0.223032471106,0.225806451613,0.232558139535,0.263329263329,0.235416666667,1.0,0.666666666667,0.0,0.0,0.0
57,0.21394654728,0.121212121212,0.25,0.227474747475,0.235962493105,0.0,0.0,0.0,0.0,0.0
58,0.229328959956,0.140625,0.157407407407,0.209683873549,0.218445573909,0.0,0.0,0.0,0.0,0.0
59,0.217125382263,0.119047619048,0.204545454545,0.239033457249,0.228549399714,0.0,0.0,0.0,0.0,0.0
60,0.230166503428,0.1,0.177419354839,0.215952481969,0.236773829667,1.0,1.0,0.0,0.0,0.0
61,0.238272844642,0.211538461538,0.143617021277,0.242758057936,0.225414856888,0.0,0.0,0.0,0.0,0.0
62,0.232558139535,0.181818181818,0.206896551724,0.214235868807,0.233800065125,0.0,0.0,0.0,0.0,0.0
63,0.239457387201,0.25,0.225274725275,0.222576785002,0.222601608107,0.0,0.0,0.0,0.0,0.0
64,0.223036223036,0.305555555556,0.248120300752,0.217618514371,0.232701581249,1.0,1.0,0.0,0.0,0.0
65,0.233775811209,0.111111111111,0.212121212121,0.218905472637,0.235320635636,0.0,0.0,0.0,0.0,0.0
66,0.221785132935,0.307692307692,0.245901639344,0.203806502776,0.244002665482,0.0,0.0,0.0,0.0,0.0
67,0.207953603977,0.127272727273,0.168316831683,0.22352535357,0.236753480018,0.0,0.0,0.0,0.0,0.0
68,0.220992866502,0.225806451613,0.272727272727,0.228402366864,0.238115816768,0.0,0.0,0.0,0.0,0.0
69,0.21803996715,0.0740740740741,0.214814814815,0.203524968527,0.231002053832,0.0,0.0,0.0,0.0,0.0
70,0.219022197246,0.341463414634,0.275862068966,0.214457831325,0.229148753224,0.0,0.0,0.0,0.0,0.0
71,0.219972260749,0.375,0.1953125,0.227848101266,0.224821526634,0.0,0.0,0.0,0.0,0.0
72,0.222252975367,0.047619047619,0.273504273504,0.228871962278,0.223361761848,1.0,1.0,0.0,0.0,0.0
73,0.224198765069,0.214285714286,0.227941176471,0.20628358826,0.226972984471,0.0,0.0,0.0,0.0,0.0
74,0.209239898276,0.151515151515,0.28813559322,0.268167456556,0.238812439051,0.0,0.0,0.0,0.0,0.0
75,0.229093955047,0.285714285714,0.284482758621,0.218859138533,0.226383824992,0.0,0.0,0.0,0.0,0.0
76,0.231702097303,0.212121212121,0.239669421488,0.196071023801,0.239549295775,0.0,0.0,0.0,0.0,0.0
77,0.234201266714,0.194444444444,0.193236714976,0.228305400372,0.225958228139,0.0,0.0,0.0,0.0,0.0
78,0.221079691517,0.205128205128,0.194594594595,0.198259553538,0.235535358014,0.0,0.0,0.0,0.0,0.0
79,0.222431259045,0.245901639344,0.300653594771,0.244897959184,0.218308351178,0.0,0.0,0.0,0.0,0.0
80,0.214025245442,0.19696969697,0.153846153846,0.211796246649,0.225027203482,0.0,0.0,0.0,0.0,0.0
81,0.230822582883,0.210526315789,0.317073170732,0.249383730485,0.218301499946,0.0,0.0,0.0,0.0,0.0
82,0.230985519471,0.392857142857,0.174603174603,0.244394618834,0.218941382327,0.0,0.0,0.0,0.0,0.0
83,0.223180743008,0.388888888889,0.155963302752,0.216009191881,0.222529294716,0.0,0.0,0.0,0.0,0.0
84,0.220175687164,0.242424242424,0.216049382716,0.233799705449,0.23267434282,0.0,0.0,0.0,0.0,0.0
85,0.217337715694,0.323529411765,0.348148148148,0.228091236495,0.220751494449,1.0,0.0,0.0,0.0,0.0
86,0.226417666303,0.128205128205,0.259842519685,0.216115855923,0.230885604562,0.0,0.0,0.0,0.0,0.0
87,0.22475748053,0.25,0.299270072993,0.216070222822,0.234525837592,0.0,0.0,0.0,0.0,0.0
88,0.211763070078,0.357142857143,0.262411347518,0.253113700281,0.218049925325,1.0,1.0,0.0,0.0,0.0
89,0.216101694915,0.135135135135,0.216417910448,0.215733015495,0.232389015522,0.0,1.0,0.0,0.0,0.0
90,0.21892158243,0.166666666667,0.333333333333,0.222404595815,0.240444299249,0.0,0.0,0.0,0.0,0.0
91,0.237160992499,0.125,0.191489361702,0.221412125863,0.218722849696,0.0,0.0,0.0,0.0,0.0
92,0.230061790487,0.186046511628,0.201612903226,0.239112571898,0.236821488528,0.0,0.0,0.0,0.0,0.0
93,0.24233490566,0.44,0.118644067797,0.224110671937,0.228625152085,0.0,0.0,0.0,0.0,0.0
94,0.232590921906,0.166666666667,0.236842105263,0.195470383275,0.221429380451,1.0,0.0,0.0,0.0,0.0
95,0.228840125392,0.184210526316,0.268518518519,0.244478884153,0.217461687891,0.0,0.0,0.0,0.0,0.0
96,0.228872263785,0.205882352941,0.155963302752,0.208566853483,0.235491071429,0.0,0.0,0.0,0.0,0.0
97,0.216324279608,0.190476190476,0.165217391304,0.251766784452,0.226786659608,0.0,0.0,0.0,0.0,0.0
98,0.226878818014,0.111111111111,0.291666666667,0.23671875,0.222477566207,0.0,1.0,0.0,0.0,0.0
99,0.231422505308,0.206896551724,0.292517006803,0.221928166352,0.230044892149,0.0,0.0,0.0,0.0,0.0
100,0.24956946039,0.296296296296,0.100558659218,0.197452229299,0.222707900776,0.0,0.0,0.0,0.0,0.0
101,0.222957746479,0.285714285714,0.166666666667,0.209118311982,0.233712628291,0.0,0.0,0.0,0.0,0.0
102,0.237216872372,0.333333333333,0.406504065041,0.215870628056,0.221056157195,0.0,0.0,0.0,0.0,0.0
103,0.22499291584,0.230769230769,0.221374045802,0.221859706362,0.222624931356,1.0,0.0,0.0,0.0,0.0
104,0.22351636162,0.315789473684,0.276422764228,0.202337472608,0.234793323625,1.0,1.0,0.0,0.0,0.0
105,0.23072702332,0.135135135135,0.245810055866,0.204658266514,0.227354059495,0.0,0.0,0.0,0.0,0.0
106,0.229588963964,0.15,0.276729559748,0.232368528333,0.224592087021,0.0,0.0,0.0,0.0,0.0
107,0.22271714922,0.227272727273,0.270072992701,0.208540925267,0.235668789809,0.0,0.0,0.0,0.0,0.0
108,0.227618243243,0.228571428571,0.229508196721,0.24841883345,0.218050941307,0.0,0.0,0.0,0.0,0.0
109,0.223391173658,0.347826086957,0.24427480916,0.224648985959,0.224853380547,0.0,0.0,0.0,0.0,0.0
110,0.218715083799,0.119047619048,0.212765957447,0.213759213759,0.235765222161,0.0,1.0,0.0,0.0,0.0
111,0.215904232578,0.185185185185,0.347826086957,0.240244835501,0.233667511292,0.0,0.0,0.0,0.0,0.0
112,0.223228772309,0.235294117647,0.302521008403,0.227254668256,0.230305786063,0.0,0.0,0.0,0.0,0.0
113,0.238254100639,0.030303030303,0.261904761905,0.220972278023,0.22897144747,0.0,0.0,0.0,0.0,0.0
114,0.231295365717,0.173913043478,0.0909090909091,0.229374768775,0.216623036649,0.0,0.0,0.0,0.0,0.0
115,0.213000817661,0.28125,0.271523178808,0.248163265306,0.228628897083,0.0,0.0,0.0,0.0,0.0
116,0.234915857162,0.291666666667,0.162162162162,0.241550247859,0.220575414124,0.714285714286,0.842105263158,0.0,0.0,0.0
117,0.228030833917,0.264705882353,0.278846153846,0.251668629761,0.218637992832,0.0,0.0,0.0,0.0,0.0
118,0.217798932641,0.288461538462,0.3046875,0.261837312829,0.233171258779,0.0,0.0,0.0,0.0,0.0
119,0.231862068966,0.25,0.297101449275,0.211608222491,0.230279059547,0.0,0.0,0.0,0.0,0.0
120,0.229143798024,0.178571428571,0.184397163121,0.217991787981,0.229098314289,0.0,0.0,0.0,0.0,0.0
121,0.222950362521,0.190476190476,0.188679245283,0.201933804388,0.249122012009,0.0,0.0,0.0,0.0,0.0
122,0.224813690312,0.235294117647,0.315384615385,0.231209462037,0.22960657924,0.0,0.0,0.0,0.0,0.0
123,0.232216994188,0.30303030303,0.266055045872,0.221823402728,0.220562195662,0.0,0.0,0.0,0.0,0.0
124,0.231777809108,0.03125,0.260162601626,0.229868228404,0.226161094907,0.0,0.0,0.0,0.0,0.0
125,0.241784745252,0.0793650793651,0.227642276423,0.244484629295,0.213365103433,1.0,1.0,0.0,0.0,0.0
126,0.223862238622,0.08,0.230769230769,0.199697428139,0.236415114886,0.0,0.0,0.0,0.0,0.0
127,0.242481712273,0.333333333333,0.210144927536,0.211362733413,0.221577596787,0.0,0.0,0.0,0.0,0.0
128,0.224993148808,0.0740740740741,0.207792207792,0.229440480661,0.230509238396,0.0,0.0,0.0,0.0,0.0
129,0.216464317442,0.0357142857143,0.256880733945,0.258954302182,0.228985191638,0.0,0.0,0.0,0.0,0.0
130,0.225330549756,0.290322580645,0.3625,0.231652316523,0.223219053722,0.0,0.0,0.0,0.0,0.0
131,0.236548368632,0.153846153846,0.188976377953,0.237366003063,0.202338318938,0.0,0.0,0.0,0.0,0.0
132,0.224472085623,0.411764705882,0.22754491018,0.240619621343,0.228398520677,0.0,0.0,0.0,0.0,0.0
133,0.228415457549,0.318181818182,0.269841269841,0.226502311248,0.236804407713,0.0,0.0,0.0,0.0,0.0
134,0.216724257084,0.228571428571,0.358778625954,0.225873544093,0.225823648577,0.0,0.0,0.0,0.0,0.0
135,0.22321176138,0.235294117647,0.17094017094,0.262229350441,0.221549893843,0.0,0.0,0.0,0.0,0.0
136,0.206625491297,0.121951219512,0.291262135922,0.239852398524,0.231567328918,0.0,0.0,0.0,0.0,0.0
137,0.231586206897,0.3,0.283185840708,0.226232394366,0.214254481854,0.0,0.0,0.0,0.0,0.0
138,0.225191885965,0.214285714286,0.28813559322,0.223283793347,0.220251778872,0.0,0.0,0.0,0.0,0.0
139,0.228208497591,0.272727272727,0.119318181818,0.233411397346,0.217265104279,0.5,0.0,0.0,0.0,0.0
140,0.232952964097,0.166666666667,0.223880597015,0.241686942417,0.224616064523,0.0,0.0,0.0,0.0,0.0
141,0.228531663187,0.234042553191,0.215384615385,0.209119496855,0.224919986756,0.0,0.0,0.0,0.0,0.0
142,0.228404724634,0.138888888889,0.315789473684,0.216609261385,0.236179823618,0.75,0.666666666667,0.0,0.0,0.0
143,0.226301448444,0.30303030303,0.170731707317,0.236720554273,0.227643171806,0.0,0.0,0.0,0.0,0.0
144,0.217481934408,0.169811320755,0.194444444444,0.247397918335,0.226599363547,0.0,0.0,0.0,0.0,0.0
145,0.232469726838,0.342105263158,0.129310344828,0.196272799366,0.217819638411,0.0,0.0,0.0,0.0,0.0
146,0.221278433631,0.25,0.266666666667,0.282582216809,0.220972995692,0.0,0.666666666667,0.0,0.0,0.0
147,0.213119179376,0.177777777778,0.152,0.22324865281,0.223667239897,0.0,0.0,0.0,0.0,0.0
148,0.229367927132,0.222222222222,0.28813559322,0.226927686776,0.219638527661,0.0,0.0,0.0,0.0,0.0
149,0.223310618966,0.264705882353,0.203703703704,0.267342166797,0.222556068248,0.0,0.0,0.0,0.0,0.0
150,0.223698630137,0.113636363636,0.253246753247,0.268585131894,0.218239267814,0.0,0.0,0.0,0.0,0.0
151,0.24359704041,0.35,0.240601503759,0.219259848786,0.214262630615,0.0,0.0,0.0,0.0,0.0
152,0.221400191807,0.166666666667,0.293103448276,0.20888030888,0.225194228635,0.0,0.0,0.0,0.0,0.0
153,0.217856658989,0.361111111111,0.25,0.240032881217,0.205605406004,0.0,0.0,0.0,0.0,0.0
154,0.228031145717,0.290322580645,0.205607476636,0.235379061372,0.223142345568,1.0,0.666666666667,0.0,0.0,0.0
155,0.225605536332,0.135135135135,0.301724137931,0.214368932039,0.228903976722,0.0,0.0,0.0,0.0,0.0
156,0.222317473925,0.209302325581,0.166666666667,0.238610903659,0.220083589969,0.0,0.0,0.0,0.0,0.0
157,0.226117814053,0.466666666667,0.214285714286,0.237671486837,0.219995619799,0.0,0.0,0.0,0.0,0.0
158,0.235117344018,0.206896551724,0.127388535032,0.236644242184,0.228753152758,0.0,0.0,0.0,0.0,0.0
159,0.238709677419,0.1,0.198198198198,0.22884386174,0.211222927149,0.0,0.0,0.0,0.0,0.0
160,0.220025066147,0.152542372881,0.18115942029,0.230716489544,0.222384046605,0.0,0.0,0.0,0.0,0.0
161,0.228945900725,0.0526315789474,0.314285714286,0.204174573055,0.23782234957,0.0,0.0,0.0,0.0,0.0
162,0.230515759312,0.208333333333,0.277777777778,0.216894135006,0.234004474273,0.0,0.0,0.0,0.0,0.0
163,0.230208771192,0.15625,0.225609756098,0.269303917839,0.215227099445,0.0,0.0,0.0,0.0,0.0
164,0.217512548801,0.4375,0.228187919463,0.230737018425,0.231608819035,0.0,0.0,0.0,0.0,0.0
165,0.227076007574,0.142857142857,0.215384615385,0.216003005259,0.221247779751,0.0,0.0,0.0,0.0,0.0
166,0.214951969929,0.297297297297,0.25,0.25965583174,0.225189141077,0.666666666667,0.444444444444,0.0,0.0,0.0
167,0.238432149427,0.390243902439,0.146153846154,0.230654761905,0.215426695842,0.0,0.0,0.0,0.0,0.0
168,0.232199421567,0.161290322581,0.24,0.213824534751,0.228760330579,0.0,0.0,0.0,0.0,0.0
169,0.226991333058,0.454545454545,0.247863247863,0.212903225806,0.23396477235,0.5,0.0,0.0,0.0,0.0
170,0.219924018573,0.216216216216,0.132743362832,0.229821073559,0.222549019608,0.0,0.0,0.0,0.0,0.0
171,0.226954328944,0.266666666667,0.265151515152,0.20197740113,0.222799097065,0.0,0.666666666667,0.0,0.0,0.0
172,0.235700469743,0.148148148148,0.169491525424,0.218366483284,0.23143812709,0.0,0.0,0.0,0.0,0.0
173,0.241369221767,0.19512195122,0.231292517007,0.205522682446,0.221152806316,0.0,0.0,0.0,0.0,0.0
174,0.228494623656,0.0833333333333,0.245614035088,0.210185933711,0.224769635805,1.0,1.0,0.0,0.0,0.0
175,0.22324117164,0.344827586207,0.210191082803,0.221383647799,0.222018558827,0.0,0.0,0.0,0.0,0.0
176,0.219212865002,0.5,0.178217821782,0.222027358821,0.227303145215,0.0,0.0,0.0,0.0,0.0
177,0.224054316198,0.15,0.2578125,0.213343108504,0.238603513453,0.0,0.0,0.0,0.0,0.0
178,0.22616468039,0.365853658537,0.328467153285,0.259603208105,0.217981340119,1.0,0.857142857143,0.0,0.0,0.0
179,0.213370696557,0.212121212121,0.258064516129,0.220338983051,0.231877582933,1.0,1.0,0.0,0.0,0.0
180,0.230672620709,0.133333333333,0.129770992366,0.193044157874,0.222973710047,0.0,0.0,0.0,0.0,0.0
181,0.229120575221,0.365853658537,0.182692307692,0.223740726279,0.240164480996,0.5,0.428571428571,0.0,0.0,0.0
182,0.217402981066,0.117647058824,0.302325581395,0.235766678309,0.226223972988,1.0,1.0,0.0,0.0,0.0
183,0.228462377317,0.344827586207,0.273381294964,0.226356589147,0.224308193163,0.0,0.0,0.0,0.0,0.0
184,0.230932804083,0.318181818182,0.228813559322,0.209563409563,0.232886826284,0.0,0.0,0.0,0.0,0.0
185,0.217547596858,0.285714285714,0.245614035088,0.243955094991,0.22336398053,0.0,0.0,0.0,0.0,0.0
186,0.207009857612,0.15625,0.241666666667,0.239936229574,0.238895558223,0.0,0.0,0.0,0.0,0.0
187,0.222821576763,0.410256410256,0.2375,0.263518385004,0.226956716753,1.0,0.666666666667,0.0,0.0,0.0
188,0.22732300885,0.2,0.230158730159,0.222266244057,0.227666017737,0.0,0.0,0.0,0.0,0.0
189,0.221629962127,0.222222222222,0.282051282051,0.206541059367,0.232614704256,0.0,0.0,0.0,0.0,0.0
190,0.225938967136,0.2,0.307189542484,0.23173040515,0.215817107854,0.0,0.0,0.0,0.0,0.0
191,0.210828203693,0.363636363636,0.248175182482,0.217391304348,0.230918290451,0.0,0.0,0.0,0.0,0.0
192,0.233145661903,0.277777777778,0.25,0.239694656489,0.220954244104,1.0,1.0,0.0,0.0,0.0
193,0.233016304348,0.146341463415,0.214285714286,0.242795104619,0.211614700525,0.0,0.0,0.0,0.0,0.0
194,0.234021493213,0.162162162162,0.188172043011,0.249507292077,0.223614997202,0.0,0.0,0.0,0.0,0.0
195,0.217796381312,0.162162162162,0.25,0.241061130334,0.233103601601,0.0,0.0,0.0,0.0,0.0
196,0.233844390314,0.170212765957,0.310924369748,0.195130813953,0.234403919434,0.0,0.0,0.0,0.0,0.0
197,0.217824484782,0.235294117647,0.242990654206,0.233959311424,0.222859714254,0.666666666667,0.4,0.0,0.0,0.0
198,0.220255653884,0.488888888889,0.224637681159,0.26392842619,0.224114225278,0.0,0.0,0.0,0.0,0.0
199,0.225806451613,0.37037037037,0.150943396226,0.22200993504,0.22279851167,0.0,0.0,0.0,0.0,0.0
200,0.236812881732,0.307692307692,0.2,0.228851655088,0.2252013682,0.0,0.0,0.0,0.0,0.0
201,0.226968531966,0.307692307692,0.282051282051,0.239745403112,0.22389380531,0.0,0.0,0.0,0.0,0.0
202,0.227851567849,0.384615384615,0.300699300699,0.257487359004,0.220071762531,0.0,0.0,0.0,0.0,0.0
203,0.227545746613,0.363636363636,0.147368421053,0.220572640509,0.226279825249,0.0,0.0,0.0,0.0,0.0
204,0.227637614679,0.302325581395,0.238461538462,0.251914550584,0.227031614683,0.0,0.0,0.0,0.0,0.0
205,0.216032231175,0.263157894737,0.204918032787,0.247595148473,0.227014010508,0.0,0.0,0.0,0.0,0.0
206,0.222065859837,0.19512195122,0.194029850746,0.24806501548,0.226364417705,0.0,0.0,0.0,0.0,0.0
207,0.232248734635,0.34375,0.394736842105,0.224041811847,0.219434356773,0.0,0.0,0.0,0.0,0.0
208,0.22945158171,0.047619047619,0.291338582677,0.217523809524,0.214554041,0.0,0.0,0.0,0.0,0.0
209,0.24786081004,0.32,0.193103448276,0.203519510329,0.231599823711,0.0,0.0,0.0,0.0,0.0
210,0.203593605496,0.368421052632,0.284552845528,0.254748142031,0.242400881057,0.0,0.0,0.0,0.0,0.0
211,0.228181306306,0.242424242424,0.263565891473,0.221717744987,0.217812300489,0.0,0.0,0.0,0.0,0.0
212,0.230747922438,0.211538461538,0.289655172414,0.234471410942,0.216682646213,0.0,0.0,0.0,0.0,0.0
213,0.219977233921,0.291666666667,0.289855072464,0.227519379845,0.238664284119,0.0,1.0,0.0,0.0,0.0
214,0.226672115516,0.407407407407,0.290322580645,0.232252769799,0.214442013129,0.0,1.0,0.0,0.0,0.0
215,0.227780074411,0.413793103448,0.25641025641,0.215134706815,0.227937135949,0.0,0.0,0.0,0.0,0.0
216,0.218150319829,0.194444444444,0.210884353741,0.206954335987,0.235134548611,0.0,0.0,0.0,0.0,0.0
217,0.229817081557,0.275,0.205357142857,0.212966601179,0.217995368839,0.0,0.0,0.0,0.0,0.0
218,0.229553767374,0.238095238095,0.323943661972,0.242424242424,0.228192978678,1.0,1.0,0.0,0.0,0.0
219,0.232878599972,0.142857142857,0.280701754386,0.233585858586,0.230017376195,0.0,0.0,0.0,0.0,0.0
220,0.226710283032,0.157894736842,0.141592920354,0.234192037471,0.227282538312,0.0,1.0,0.0,0.0,0.0
221,0.221069092977,0.3,0.198113207547,0.246990291262,0.23022203061,0.0,0.0,0.0,0.0,0.0
222,0.218763573187,0.225,0.31724137931,0.199317923456,0.236215334421,0.0,0.0,0.0,0.0,0.0
223,0.225793103448,0.125,0.192857142857,0.236095346198,0.226587122918,0.0,0.0,0.0,0.0,0.0
224,0.22220717671,0.15625,0.2734375,0.220753983677,0.224600086468,0.0,0.0,0.0,0.0,0.0
225,0.220197523995,0.185185185185,0.172932330827,0.232046332046,0.225067948986,0.0,0.0,0.0,0.0,0.0
226,0.233149639678,0.25,0.3,0.219126819127,0.231526548673,0.0,0.0,0.0,0.0,0.0
227,0.24362244898,0.121951219512,0.238461538462,0.215118616807,0.227979274611,0.0,0.0,0.0,0.0,0.0
228,0.239560757116,0.121951219512,0.171641791045,0.255607115236,0.219161137974,0.0,0.0,0.0,0.0,0.0
229,0.22933182333,0.25,0.192307692308,0.214752906977,0.228656848632,0.0,1.0,0.0,0.0,0.0
230,0.226392961877,0.214285714286,0.295454545455,0.238057324841,0.226245811264,0.666666666667,0.5,0.0,0.0,0.0
231,0.227913984386,0.0833333333333,0.214876033058,0.214974913161,0.226750027911,0.0,0.0,0.0,0.0,0.0
232,0.22339665762,0.206896551724,0.192,0.203179526948,0.230993520518,0.0,1.0,0.0,0.0,0.0
233,0.211438959586,0.18,0.217741935484,0.221028396009,0.22890135981,0.0,0.0,0.0,0.0,0.0
234,0.233420653523,0.228571428571,0.245762711864,0.247014925373,0.212933924516,0.0,0.0,0.0,0.0,0.0
235,0.219453147251,0.380952380952,0.213414634146,0.235643564356,0.219499028288,1.0,0.0,0.0,0.0,0.0
236,0.232396406839,0.183673469388,0.131782945736,0.22730799069,0.22105837425,0.0,1.0,0.0,0.0,0.0
237,0.225747320925,0.28125,0.173913043478,0.223091247672,0.229454664199,0.0,0.0,0.0,0.0,0.0
238,0.219313712193,0.216216216216,0.217391304348,0.215023847377,0.23033278778,0.0,0.0,0.0,0.0,0.0
239,0.225136612022,0.175,0.260504201681,0.233517495396,0.234863005976,1.0,1.0,0.0,0.0,0.0
240,0.226707215925,0.228571428571,0.231481481481,0.220605132133,0.21132238548,1.0,1.0,0.0,0.0,0.0
241,0.221618530169,0.392857142857,0.196581196581,0.248870481928,0.22158413696,0.0,0.0,0.0,0.0,0.0
242,0.216104039845,0.25,0.367647058824,0.229792147806,0.234681704804,0.0,0.0,0.0,0.0,0.0
243,0.220569485763,0.324324324324,0.283185840708,0.234921973851,0.231279208782,0.0,0.0,0.0,0.0,0.0
244,0.235225448709,0.25,0.343511450382,0.244532803181,0.22834206712,0.0,0.0,0.0,0.0,0.0
245,0.226401901832,0.175,0.205357142857,0.218125430737,0.224322552448,0.0,0.0,0.0,0.0,0.0
246,0.22194092827,0.307692307692,0.264285714286,0.226166733147,0.228736761655,0.0,0.0,0.0,0.0,0.0
247,0.23762098471,0.117647058824,0.1875,0.206923076923,0.235103626943,0.0,0.0,0.0,0.0,0.0
248,0.214627285513,0.225806451613,0.265625,0.217566478646,0.228898582334,0.0,0.0,0.0,0.0,0.0
249,0.224294014322,0.272727272727,0.233870967742,0.2138996139,0.226566742696,0.0,0.0,0.0,0.0,0.0
250,0.218453933818,0.0857142857143,0.272727272727,0.25,0.233601450096,0.0,1.0,0.0,0.0,0.0
251,0.221833449965,0.152173913043,0.267857142857,0.213232650126,0.235346856438,0.0,0.0,0.0,0.0,0.0
252,0.218181818182,0.310344827586,0.217054263566,0.23632218845,0.228857362807,0.0,0.0,0.0,0.0,0.0
253,0.23307946544,0.178571428571,0.251612903226,0.229980276134,0.226695842451,0.0,0.0,0.0,0.0,0.0
254,0.214387464387,0.191489361702,0.216981132075,0.252952380952,0.230372123037,0.0,0.0,0.0,0.0,0.0
255,0.232602739726,0.15,0.157894736842,0.210084033613,0.232637774211,0.0,0.0,0.0,0.0,0.0
256,0.220683033877,0.207547169811,0.253623188406,0.224392188123,0.225478403499,0.0,0.0,0.0,0.0,0.0
257,0.2242114237,0.25,0.371900826446,0.245447019868,0.228134032759,0.0,0.0,0.0,0.0,0.0
258,0.221885336273,0.44,0.262295081967,0.235438884331,0.242839899045,0.0,0.0,0.0,0.0,0.0
259,0.222530683811,0.136363636364,0.296610169492,0.248849693252,0.244196233027,0.0,0.0,0.0,0.0,0.0
260,0.21875,0.189189189189,0.322314049587,0.236143637783,0.213695915446,0.0,0.0,0.0,0.0,0.0
261,0.224902398215,0.352941176471,0.195804195804,0.251054852321,0.224104859335,0.0,0.0,0.0,0.0,0.0
262,0.232857542681,0.451612903226,0.124223602484,0.231470471661,0.213148940841,0.0,0.0,0.0,0.0,0.0
263,0.22998202185,0.230769230769,0.129166666667,0.247151277014,0.222663802363,1.0,1.0,0.0,0.0,0.0
264,0.215585497986,0.404255319149,0.13768115942,0.231496062992,0.230958230958,0.0,0.0,0.0,0.0,0.0
265,0.239307822172,0.257142857143,0.242718446602,0.195336391437,0.221600877193,0.0,0.0,0.0,0.0,0.0
266,0.228917378917,0.121212121212,0.279069767442,0.263447192776,0.224126344086,0.0,0.0,0.0,0.0,0.0
267,0.229192461136,0.178571428571,0.113821138211,0.222139396198,0.229912663755,0.0,0.0,0.0,0.0,0.0
268,0.216473220529,0.344827586207,0.196581196581,0.231984585742,0.212241824441,0.0,0.0,0.0,0.0,0.0
269,0.227513227513,0.277777777778,0.207142857143,0.219810576164,0.231481481481,0.0,0.0,0.0,0.0,0.0
270,0.220045108542,0.2,0.238938053097,0.256279434851,0.223263075722,0.0,0.0,0.0,0.0,0.0
271,0.235387962292,0.16,0.228346456693,0.205268935236,0.233667247387,0.0,0.0,0.0,0.0,0.0
272,0.220031433062,0.0980392156863,0.192307692308,0.252688172043,0.224409027703,0.0,0.0,0.0,0.0,0.0
273,0.21681836707,0.259259259259,0.227272727273,0.245485977718,0.23920601099,0.0,0.0,0.0,0.0,0.0
274,0.238247566064,0.105263157895,0.194244604317,0.206313416009,0.22030423994,0.0,1.0,0.0,0.0,0.0
275,0.230779697918,0.260869565217,0.161616161616,0.206883365201,0.226117440841,0.0,0.0,0.0,0.0,0.0
276,0.226677690506,0.30303030303,0.22695035461,0.186567164179,0.233962668955,0.0,0.0,0.0,0.0,0.0
277,0.228354978355,0.410256410256,0.31914893617,0.22706935123,0.219474835886,0.0,0.0,0.0,0.0,0.0
278,0.218414821006,0.233333333333,0.192660550459,0.230048859935,0.223671651289,0.0,0.0,0.0,0.0,0.0
279,0.22914934885,0.0869565217391,0.163461538462,0.242240726722,0.228309973358,0.0,0.0,0.0,0.0,0.0
280,0.235662583519,0.304347826087,0.272727272727,0.209952283572,0.216058394161,0.0,0.0,0.0,0.0,0.0
281,0.226631996715,0.307692307692,0.219858156028,0.250708788983,0.218796198522,0.0,0.0,0.0,0.0,0.0
282,0.223563696919,0.1875,0.205882352941,0.24816955684,0.223172202126,0.0,0.0,0.0,0.0,0.0
283,0.221258741259,0.266666666667,0.166666666667,0.234099616858,0.218915129947,0.0,0.0,0.0,0.0,0.0
284,0.227875468435,0.260869565217,0.217741935484,0.225954198473,0.226758110168,0.0,0.0,0.0,0.0,0.0
285,0.229639889197,0.28125,0.198198198198,0.226765799257,0.231933489661,0.0,0.0,0.0,0.0,0.0
286,0.229297584136,0.241379310345,0.139240506329,0.220649458784,0.227720651243,0.0,0.0,0.0,0.0,0.0
287,0.241354466859,0.0921052631579,0.222891566265,0.175315048184,0.231352992194,0.0,0.0,0.0,0.0,0.0
288,0.228353022933,0.35,0.319327731092,0.239447731755,0.218032786885,0.0,0.0,0.0,0.0,0.0
289,0.224156992814,0.32,0.0967741935484,0.258445258445,0.22212747815,0.0,0.0,0.0,0.0,0.0
290,0.235811577753,0.172413793103,0.275862068966,0.210072438772,0.215381170939,0.0,0.0,0.0,0.0,0.0
291,0.216385676466,0.166666666667,0.26213592233,0.208730741012,0.241417132829,0.0,0.0,0.0,0.0,0.0
292,0.204583566238,0.144736842105,0.16049382716,0.22673305247,0.229005132685,0.0,0.0,0.0,0.0,0.0
293,0.216181322622,0.30303030303,0.203703703704,0.230188679245,0.23273008166,1.0,0.0,0.0,0.0,0.0
294,0.227949283352,0.372093023256,0.276422764228,0.230883998508,0.219842042627,0.0,0.0,0.0,0.0,0.0
295,0.231255513084,0.236842105263,0.173228346457,0.251956181534,0.211477151966,0.0,0.0,0.0,0.0,0.0
296,0.224752060344,0.1,0.282608695652,0.238256294626,0.221621621622,0.0,0.0,0.0,0.0,0.0
297,0.220030141115,0.285714285714,0.154362416107,0.273099850969,0.219252523012,0.0,0.0,0.0,0.0,0.0
298,0.238347015445,0.290322580645,0.134715025907,0.236559139785,0.212836394703,0.0,0.0,0.0,0.0,0.0
299,0.233314479638,0.148936170213,0.265957446809,0.224768797748,0.222539857064,0.0,0.0,0.0,0.0,0.0
300,0.217202188859,0.15625,0.156028368794,0.272875152501,0.230984967467,0.0,0.0,0.0,0.0,0.0
301,0.22853845044,0.214285714286,0.300751879699,0.20860812218,0.225987457366,0.0,0.0,0.0,0.0,0.0
302,0.225969870684,0.272727272727,0.157407407407,0.244136870434,0.223072656683,0.0,0.0,0.0,0.0,0.0
303,0.221216041397,0.181818181818,0.292134831461,0.190051457976,0.226075647556,0.0,0.0,0.0,0.0,0.0
304,0.223891171886,0.0909090909091,0.201219512195,0.223079621186,0.236614474981,0.0,0.0,0.0,0.0,0.0
305,0.224880382775,0.178571428571,0.161904761905,0.227935222672,0.228602035351,0.0,0.0,0.0,0.0,0.0
306,0.228754603738,0.235294117647,0.308333333333,0.207716289945,0.215412883701,1.0,0.833333333333,0.0,0.0,0.0
307,0.243832881791,0.266666666667,0.210144927536,0.204433497537,0.229913877685,0.0,0.5,0.0,0.0,0.0
308,0.234021493213,0.333333333333,0.167512690355,0.225902493487,0.231127369471,0.0,1.0,0.0,0.0,0.0
309,0.231009512992,0.292682926829,0.315384615385,0.230568011958,0.236683141131,0.0,0.0,0.0,0.0,0.0
310,0.22159887798,0.481481481481,0.232142857143,0.278094462541,0.219362884027,0.0,0.0,0.0,0.0,0.0
311,0.224964739069,0.162162162162,0.20618556701,0.21312044429,0.231640281442,1.0,1.0,0.0,0.0,0.0
312,0.21832332059,0.333333333333,0.219298245614,0.233422767344,0.221568191915,0.0,0.0,0.0,0.0,0.0
313,0.234012450481,0.0454545454545,0.282608695652,0.230208333333,0.220231471177,0.0,0.0,0.0,0.0,0.0
314,0.223857797528,0.354838709677,0.176470588235,0.211621515508,0.224134151688,0.0,1.0,0.0,0.0,0.0
315,0.234359760346,0.171428571429,0.160621761658,0.240978348035,0.217524980784,0.0,0.0,0.0,0.0,0.0
316,0.219009407858,0.358974358974,0.175675675676,0.235475182763,0.224057649667,1.0,1.0,0.0,0.0,0.0
317,0.231368026524,0.225,0.262711864407,0.195887850467,0.236342665408,0.0,0.0,0.0,0.0,0.0
318,0.219969018448,0.194444444444,0.241666666667,0.237742068397,0.219545840407,0.0,0.0,0.0,0.0,0.0
319,0.21207133059,0.477272727273,0.255033557047,0.214618416338,0.239578664276,0.0,0.0,0.0,0.0,0.0
320,0.247154240182,0.203703703704,0.19014084507,0.232097876934,0.220482199189,0.0,0.0,0.0,0.0,0.0
321,0.225225225225,0.09375,0.253424657534,0.231647014074,0.22475780409,0.0,0.0,0.0,0.0,0.0
322,0.233213096559,0.15625,0.273504273504,0.239457279061,0.222173242231,0.0,0.0,0.0,0.0,0.0
323,0.233497536946,0.176470588235,0.205357142857,0.231252308829,0.213940500483,0.0,0.0,0.0,0.0,0.0
324,0.233870967742,0.25,0.208,0.223642172524,0.21917659805,0.0,1.0,0.0,0.0,0.0
325,0.224245873648,0.166666666667,0.18320610687,0.246262785208,0.220307558076,0.0,0.0,0.0,0.0,0.0
326,0.236004390779,0.333333333333,0.232142857143,0.21775477707,0.225966303271,0.0,0.0,0.0,0.0,0.0
327,0.225957446809,0.48275862069,0.236994219653,0.242211838006,0.223826714801,0.0,0.0,0.0,0.0,0.0
328,0.228775567386,0.173913043478,0.285714285714,0.229206592564,0.234026424085,0.0,0.0,0.0,0.0,0.0
329,0.236386840613,0.1875,0.270676691729,0.20700867052,0.222425088605,0.0,0.0,0.0,0.0,0.0
330,0.223049894589,0.102564102564,0.285714285714,0.219017094017,0.231712857792,1.0,1.0,0.0,0.0,0.0
331,0.231010403306,0.30303030303,0.180487804878,0.234488009136,0.224438630913,0.0,0.0,0.0,0.0,0.0
332,0.227882037534,0.242424242424,0.295081967213,0.229368461836,0.237240605721,0.0,0.0,0.0,0.0,0.0
333,0.241888720144,0.0769230769231,0.214876033058,0.206769983687,0.23752473071,0.0,0.0,0.0,0.0,0.0
334,0.232387406466,0.28,0.292929292929,0.232721593128,0.205310880829,0.0,0.0,0.0,0.0,0.0
335,0.215224913495,0.0779220779221,0.223300970874,0.219385867555,0.226394378568,0.0,0.0,0.0,0.0,0.0
336,0.230985915493,0.1875,0.205714285714,0.241512345679,0.216016079551,0.0,0.0,0.0,0.0,0.0
337,0.239883993923,0.232558139535,0.247933884298,0.228376651044,0.236614853195,0.0,0.0,0.0,0.0,0.0
338,0.225200707579,0.121212121212,0.257352941176,0.198785425101,0.230908703072,0.0,0.0,0.0,0.0,0.0
339,0.21305468856,0.09375,0.283464566929,0.282939189189,0.224031007752,0.0,0.0,0.0,0.0,0.0
340,0.226956521739,0.142857142857,0.297872340426,0.261226083561,0.22030237581,0.0,0.0,0.0,0.0,0.0
341,0.224954842295,0.103448275862,0.393939393939,0.229549248748,0.230644111906,0.6,0.222222222222,0.0,0.0,0.0
342,0.234609929078,0.230769230769,0.222972972973,0.241737838841,0.218739868151,0.0,0.0,0.0,0.0,0.0
343,0.223318262776,0.410256410256,0.112582781457,0.231322413104,0.224673913043,0.0,0.0,0.0,0.0,0.0
344,0.215214384509,0.292682926829,0.335365853659,0.25600915681,0.223908095806,0.0,0.0,0.0,0.0,0.0
345,0.225828446748,0.307692307692,0.25,0.222906403941,0.235788765557,0.0,0.0,0.0,0.0,0.0
346,0.235969758651,0.190476190476,0.14953271028,0.21094312455,0.2362631288,0.0,0.0,0.0,0.0,0.0
347,0.228693377392,0.138888888889,0.201342281879,0.218073188947,0.22723709262,0.0,0.0,0.0,0.0,0.0
348,0.227750138198,0.238095238095,0.202898550725,0.235294117647,0.227103009005,0.0,0.0,0.0,0.0,0.0
349,0.230841371919,0.117647058824,0.216216216216,0.214285714286,0.222380534853,1.0,0.5,0.0,0.0,0.0
350,0.227421419428,0.375,0.256097560976,0.220044378698,0.229738933031,0.666666666667,1.0,0.0,0.0,0.0
351,0.234176330865,0.241379310345,0.167883211679,0.2,0.231816202091,0.0,0.0,0.0,0.0,0.0
352,0.240462427746,0.533333333333,0.125874125874,0.233776702942,0.221503552115,0.0,0.0,0.0,0.0,0.0
353,0.217160424818,0.292682926829,0.325757575758,0.210490921318,0.235339762776,0.0,0.666666666667,0.0,0.0,0.0
354,0.234638428313,0.272727272727,0.128,0.239431054919,0.217859064013,0.0,0.0,0.0,0.0,0.0
355,0.225316096036,0.15625,0.244755244755,0.23589533933,0.229638373216,0.0,0.0,0.0,0.0,0.0
356,0.229345122962,0.232558139535,0.347222222222,0.241283676704,0.212065616231,0.0,0.0,0.0,0.0,0.0
357,0.216596151222,0.205882352941,0.25,0.245986984816,0.230163014142,0.0,0.0,0.0,0.0,0.0
358,0.224373259053,0.357142857143,0.2,0.234433608402,0.236472945892,1.0,1.0,0.0,0.0,0.0
359,0.233159851301,0.214285714286,0.18045112782,0.205914972274,0.240227831137,0.0,0.0,0.0,0.0,0.0
360,0.231904626739,0.451612903226,0.183823529412,0.230405671524,0.23478553784,0.0,0.0,0.0,0.0,0.0
361,0.218088071349,0.161290322581,0.30303030303,0.248945147679,0.249943958754,0.0,0.0,0.0,0.0,0.0
362,0.221022727273,0.125,0.156028368794,0.225670498084,0.22109467775,0.0,0.5,0.0,0.0,0.0
363,0.227676682184,0.277777777778,0.220472440945,0.229501607717,0.221829855538,0.0,0.0,0.0,0.0,0.0
364,0.227788541378,0.21875,0.253968253968,0.222950819672,0.233867378727,0.0,0.0,0.0,0.0,0.0
365,0.225007202535,0.125,0.202797202797,0.195371775417,0.240070029544,0.0,0.0,0.0,0.0,0.0
366,0.214793546623,0.404255319149,0.165289256198,0.251452925223,0.223996500055,0.2,0.0,0.0,0.0,0.0
367,0.222329295154,0.35,0.130081300813,0.241480858225,0.22110162917,0.0,0.0,0.0,0.0,0.0
368,0.243946562761,0.241379310345,0.37984496124,0.222317229585,0.214225143099,0.0,0.0,0.0,0.0,0.0
369,0.230465559488,0.25,0.196850393701,0.229535170712,0.215349129797,0.0,0.0,0.0,0.0,0.0
370,0.224232998728,0.1,0.302521008403,0.232128829537,0.22666520596,0.0,0.0,0.0,0.0,0.0
371,0.225952684516,0.222222222222,0.254716981132,0.215233042819,0.241326641938,0.0,0.0,0.0,0.0,0.0
372,0.22667617689,0.216216216216,0.135338345865,0.228679245283,0.20925684485,0.0,0.0,0.0,0.0,0.0
373,0.226226076555,0.37037037037,0.315789473684,0.230855435189,0.233468430034,0.666666666667,1.0,0.0,0.0,0.0
374,0.225992678119,0.219512195122,0.216417910448,0.252815533981,0.219840314995,0.0,0.0,0.0,0.0,0.0
375,0.216235427922,0.333333333333,0.213675213675,0.227618702428,0.236541236541,0.0,0.0,0.0,0.0,0.0
376,0.208855585831,0.233333333333,0.186440677966,0.250986582478,0.230448154657,0.0,0.0,0.0,0.0,0.0
377,0.224593775819,0.25,0.25641025641,0.249322493225,0.213983739837,0.0,0.0,0.0,0.0,0.0
378,0.234250343879,0.292682926829,0.243055555556,0.236905721193,0.217560553633,0.0,0.0,0.0,0.0,0.0
379,0.221048298573,0.333333333333,0.292817679558,0.253098009763,0.221115973742,0.0,0.25,0.0,0.0,0.0
380,0.223047265458,0.111111111111,0.273504273504,0.213514594162,0.235624729788,0.0,0.0,0.0,0.0,0.0
381,0.222750804533,0.0434782608696,0.254716981132,0.238060517681,0.231370845101,0.333333333333,0.5,0.0,0.0,0.0
382,0.225494262408,0.473684210526,0.2,0.284527107242,0.215629842816,0.0,0.0,0.0,0.0,0.0
383,0.22103970528,0.0714285714286,0.212121212121,0.22351121423,0.232325453546,0.0,0.0,0.0,0.0,0.0
384,0.22910045599,0.117647058824,0.179310344828,0.207168176447,0.228401727862,1.0,0.0,0.0,0.0,0.0
385,0.216624685139,0.193548387097,0.188235294118,0.265493802479,0.22095155896,0.0,0.0,0.0,0.0,0.0
386,0.21688109713,0.388888888889,0.298507462687,0.230456026059,0.231690366727,0.0,0.0,0.0,0.0,0.0
387,0.226786230836,0.333333333333,0.161849710983,0.22898997687,0.218736707784,0.0,0.0,0.0,0.0,0.0
388,0.223069457923,0.333333333333,0.262773722628,0.205678922461,0.229076358786,1.0,1.0,0.0,0.0,0.0
389,0.224967490247,0.344827586207,0.22962962963,0.210568454764,0.234306409131,0.0,0.0,0.0,0.0,0.0
390,0.22012221117,0.297297297297,0.201754385965,0.238290598291,0.219944289694,0.0,0.0,0.0,0.0,0.0
391,0.218732629238,0.206896551724,0.234899328859,0.229606048548,0.227498619547,0.0,0.0,0.0,0.0,0.0
392,0.22996265441,0.25,0.206611570248,0.211382113821,0.222907203115,0.0,0.0,0.0,0.0,0.0
393,0.225414522584,0.12,0.278195488722,0.237307258368,0.23472561653,0.0,1.0,0.0,0.0,0.0
394,0.217262742889,0.125,0.0865384615385,0.24633770239,0.219418117699,1.0,0.0,0.0,0.0,0.0
395,0.228997867804,0.472222222222,0.302013422819,0.211461733769,0.233303650935,0.0,0.0,0.0,0.0,0.0
396,0.233465234596,0.0810810810811,0.185430463576,0.21504950495,0.224156458199,1.0,0.75,0.0,0.0,0.0
397,0.226225387516,0.133333333333,0.184615384615,0.23240589198,0.229396044896,0.0,0.0,0.0,0.0,0.0
398,0.223990038738,0.0990099009901,0.283870967742,0.216654107008,0.2259213896,0.0,0.0,0.0,0.0,0.0
399,0.224418604651,0.46511627907,0.131428571429,0.262158956109,0.212522705417,0.0,0.0,0.0,0.0,0.0
400,0.239062731722,0.342105263158,0.154639175258,0.202898550725,0.222185320492,0.0,0.0,0.0,0.0,0.0
401,0.237951393656,0.234567901235,0.175925925926,0.21800281294,0.22400713967,0.0,0.0,0.0,0.0,0.0
402,0.233480176211,0.384615384615,0.213114754098,0.241139934235,0.225755166932,0.0,0.0,0.0,0.0,0.0
403,0.227234636872,0.533333333333,0.236842105263,0.227184466019,0.226302400177,0.5,1.0,0.0,0.0,0.0
404,0.230372333008,0.181818181818,0.1953125,0.206896551724,0.225131995776,0.0,0.0,0.0,0.0,0.0
405,0.231230373965,0.375,0.252032520325,0.226816074189,0.221233312142,0.0,0.0,0.0,0.0,0.0
406,0.229710556186,0.214285714286,0.222222222222,0.268734891217,0.215281650864,0.0,1.0,0.0,0.0,0.0
407,0.218072457686,0.395348837209,0.19018404908,0.219307832423,0.235679742074,1.0,1.0,0.0,0.0,0.0
408,0.230980619034,0.0519480519481,0.220779220779,0.203646370829,0.239425469351,0.0,0.0,0.0,0.0,0.0
409,0.220627550303,0.242424242424,0.230158730159,0.231595702348,0.226241438356,0.5,0.190476190476,0.0,0.0,0.0
410,0.238339100346,0.206896551724,0.291666666667,0.23178807947,0.223285486443,0.0,0.0,0.0,0.0,0.0
411,0.217641418984,0.3125,0.256,0.232122800449,0.229832909151,0.0,0.0,0.0,0.0,0.0
412,0.22155353394,0.3125,0.260162601626,0.258139534884,0.225080385852,0.0,0.0,0.0,0.0,0.0
413,0.221092226247,0.206896551724,0.420168067227,0.248154224774,0.218547341115,0.0,0.0,0.0,0.0,0.0
414,0.236205915813,0.146341463415,0.183098591549,0.19778597786,0.230844261407,1.0,1.0,0.0,0.0,0.0
415,0.238567730802,0.208333333333,0.19298245614,0.203231597846,0.226235320186,0.0,0.0,0.0,0.0,0.0
416,0.223294279807,0.285714285714,0.227941176471,0.245966296163,0.215483017203,0.0,0.0,0.0,0.0,0.0
417,0.228789323165,0.259259259259,0.245614035088,0.237281841812,0.219418540867,0.0,0.0,0.0,0.0,0.0
418,0.210101286614,0.488888888889,0.238805970149,0.239368165249,0.231421336563,0.0,0.0,0.0,0.0,0.0
419,0.226730987514,0.107142857143,0.2265625,0.229244114002,0.221863567893,0.0,0.0,0.0,0.0,0.0
420,0.234229215987,0.1,0.25,0.235187861272,0.228062310882,0.0,0.0,0.0,0.0,0.0
421,0.246356303948,0.190476190476,0.205128205128,0.238955051863,0.211963732862,0.0,0.0,0.0,0.0,0.0
422,0.229690662041,0.230769230769,0.252252252252,0.217953321364,0.224903059026,0.0,0.0,0.0,0.0,0.0
423,0.223385208649,0.285714285714,0.181818181818,0.252407704655,0.21833442337,0.0,0.0,0.0,0.0,0.0
424,0.213224992995,0.25,0.286885245902,0.215231788079,0.223821710386,0.0,0.0,0.0,0.0,0.0
425,0.225402504472,0.379310344828,0.181818181818,0.281678773204,0.217442608882,0.0,0.0,0.0,0.0,0.0
426,0.224797383762,0.243902439024,0.355555555556,0.211656441718,0.232160259881,0.0,0.0,0.0,0.0,0.0
427,0.234128588759,0.15625,0.162790697674,0.22090729783,0.222792722402,0.0,0.0,0.0,0.0,0.0
428,0.225386493084,0.112676056338,0.216417910448,0.220625224578,0.225590334981,0.0,0.666666666667,0.0,0.0,0.0
429,0.232645664901,0.285714285714,0.205479452055,0.231003039514,0.222906537007,0.0,0.0,0.0,0.0,0.0
430,0.235869408888,0.193548387097,0.2,0.237627502833,0.223444374607,0.0,0.0,0.0,0.0,0.0
431,0.227001356852,0.30303030303,0.213740458015,0.244824840764,0.219364098035,0.0,0.0,0.0,0.0,0.0
432,0.236692285796,0.0967741935484,0.294736842105,0.23667953668,0.216883258709,0.0,0.0,0.0,0.0,0.0
433,0.223923308056,0.172413793103,0.15873015873,0.192597669637,0.224825632084,0.0,0.0,0.0,0.0,0.0
434,0.238492597577,0.0714285714286,0.241935483871,0.203869047619,0.215188432199,0.0,0.0,0.0,0.0,0.0
435,0.216499221735,0.394736842105,0.271186440678,0.23446969697,0.232107023411,0.0,0.0,0.0,0.0,0.0
436,0.220490899062,0.277777777778,0.116438356164,0.209659714599,0.230361871139,0.0,0.0,0.0,0.0,0.0
437,0.205485059353,0.178571428571,0.183098591549,0.283639143731,0.229393905319,0.0,0.0,0.0,0.0,0.0
438,0.232757429164,0.45,0.237704918033,0.241408570216,0.223794828137,0.0,0.0,0.0,0.0,0.0
439,0.226778924498,0.24,0.252336448598,0.226070038911,0.223009042379,0.0,0.0,0.0,0.0,0.0
440,0.227824053778,0.102272727273,0.221238938053,0.241120757695,0.223692704971,0.0,0.0,0.0,0.0,0.0
441,0.220594333103,0.282051282051,0.198757763975,0.224531377343,0.225295561008,0.0,0.0,0.0,0.0,0.0
442,0.220677061385,0.127272727273,0.185840707965,0.233742774566,0.237250798546,0.0,0.0,0.0,0.0,0.0
443,0.235393973688,0.108695652174,0.321917808219,0.234974796433,0.2241562301,0.0,0.0,0.0,0.0,0.0
444,0.219839513005,0.175675675676,0.21935483871,0.242007434944,0.226885245902,0.0,0.0,0.0,0.0,0.0
445,0.234066085995,0.333333333333,0.232,0.198573573574,0.231641589939,0.0,0.0,0.0,0.0,0.0
446,0.237711632987,0.241379310345,0.11811023622,0.196395043184,0.227297444263,0.0,0.0,0.0,0.0,0.0
447,0.233786244572,0.0967741935484,0.181818181818,0.222304832714,0.241702415895,0.0,0.0,0.0,0.0,0.0
448,0.221184228603,0.178571428571,0.288288288288,0.244693168661,0.22904109589,0.0,0.0,0.0,0.0,0.0
449,0.229608127721,0.28125,0.194029850746,0.209390382431,0.230151748406,0.0,0.0,0.0,0.0,0.0
450,0.239396019218,0.244897959184,0.20218579235,0.20742506812,0.224761482139,0.0,0.0,0.0,0.0,0.0
451,0.221972147981,0.48275862069,0.151785714286,0.234283483014,0.227375565611,0.0,0.0,0.0,0.0,0.0
452,0.22430030508,0.277777777778,0.1640625,0.227947238252,0.233604753521,0.333333333333,0.0,0.0,0.0,0.0
453,0.226404649875,0.238095238095,0.327102803738,0.214405360134,0.240404479722,0.0,0.0,0.0,0.0,0.0
454,0.217887991084,0.1875,0.232,0.235452793834,0.221928665786,1.0,0.0,0.0,0.0,0.0
455,0.218171620864,0.36,0.362637362637,0.271897810219,0.213375083874,0.0,0.0,0.0,0.0,0.0
456,0.229671699681,0.139534883721,0.242647058824,0.233644859813,0.230016137708,0.0,0.0,0.0,0.0,0.0
457,0.22736248237,0.0555555555556,0.302325581395,0.239053254438,0.227272727273,0.0,0.0,0.0,0.0,0.0
458,0.229084478302,0.0769230769231,0.243243243243,0.221445221445,0.229247694188,0.0,0.0,0.0,0.0,0.0
459,0.225037460836,0.15,0.193333333333,0.216565077089,0.225778071044,0.0,0.0,0.0,0.0,0.0
460,0.217319131277,0.24,0.235849056604,0.231818181818,0.23350526542,0.0,0.0,0.0,0.0,0.0
461,0.226716708368,0.0657894736842,0.297101449275,0.225756995017,0.234117388437,1.0,0.0,0.0,0.0,0.0
462,0.221308046298,0.128205128205,0.276785714286,0.21964479884,0.227057918453,0.0,1.0,0.0,0.0,0.0
463,0.230670470756,0.105263157895,0.209090909091,0.237022132797,0.212026002167,0.0,0.0,0.0,0.0,0.0
464,0.226797025613,0.107692307692,0.260504201681,0.242857142857,0.229912404023,0.0,1.0,0.0,0.0,0.0
465,0.225806451613,0.147058823529,0.175438596491,0.207380665864,0.226534103058,0.0,0.0,0.0,0.0,0.0
466,0.220962349179,0.16,0.248407643312,0.245079120031,0.228596549071,0.0,0.0,0.0,0.0,0.0
467,0.231600547196,0.484848484848,0.238532110092,0.208681135225,0.233181423611,0.0,0.0,0.0,0.0,0.0
468,0.212222687317,0.125,0.261194029851,0.243920412675,0.223081110506,0.0,0.0,0.0,0.0,0.0
469,0.24197326719,0.206896551724,0.252100840336,0.200166805671,0.233007623752,0.0,0.0,0.0,0.0,0.0
470,0.229071100917,0.333333333333,0.223214285714,0.243684992571,0.230262435489,1.0,1.0,0.0,0.0,0.0
471,0.218483754513,0.243902439024,0.288,0.203723986857,0.233204134367,0.0,0.0,0.0,0.0,0.0
472,0.231294374659,0.317073170732,0.173228346457,0.247848537005,0.222305469335,0.0,0.0,0.0,0.0,0.0
473,0.23899889989,0.310344827586,0.205479452055,0.216420884815,0.226247810858,0.0,0.0,0.0,0.0,0.0
474,0.223348783314,0.354838709677,0.262295081967,0.209992193599,0.227732463295,0.0,0.0,0.0,0.0,0.0
475,0.237653478854,0.137931034483,0.293577981651,0.220456397718,0.220337103571,0.0,0.0,0.0,0.0,0.0
476,0.224385528859,0.28,0.191176470588,0.235005658242,0.219117488402,0.0,0.0,0.0,0.0,0.0
477,0.23291379077,0.21875,0.307086614173,0.231162196679,0.227627302275,0.0,0.0,0.0,0.0,0.0
478,0.231191112361,0.15625,0.153846153846,0.23343488195,0.218996494303,0.0,0.0,0.0,0.0,0.0
479,0.234528629265,0.194444444444,0.208333333333,0.216707021792,0.216284187362,0.0,0.0,0.0,0.0,0.0
480,0.225141750795,0.25,0.173913043478,0.216126656848,0.229779207811,0.5,0.0,0.0,0.0,0.0
481,0.23524567664,0.178571428571,0.170212765957,0.207207207207,0.229232272777,0.0,0.0,0.0,0.0,0.0
482,0.211102886751,0.189189189189,0.240875912409,0.223770809137,0.225473134653,0.0,0.0,0.0,0.0,0.0
483,0.215528036733,0.1875,0.147826086957,0.283120896099,0.226221928666,0.0,0.75,0.0,0.0,0.0
484,0.234092926901,0.1,0.2,0.247547169811,0.225584746702,0.0,0.0,0.0,0.0,0.0
485,0.228369384359,0.264705882353,0.25641025641,0.234714813295,0.223507172245,0.0,0.0,0.0,0.0,0.0
486,0.216799244978,0.1875,0.315384615385,0.244391971665,0.222940403155,1.0,1.0,0.0,0.0,0.0
487,0.222284122563,0.277777777778,0.163265306122,0.255704454908,0.219627749577,0.0,0.0,0.0,0.0,0.0
488,0.222822993739,0.365853658537,0.313333333333,0.219806763285,0.216697628674,0.833333333333,0.461538461538,0.0,0.0,0.0
489,0.239489910314,0.243243243243,0.248175182482,0.183833560709,0.232875129953,0.0,1.0,0.0,0.0,0.0
490,0.225693509292,0.214285714286,0.22480620155,0.262985685072,0.224310498221,0.0,0.0,0.0,0.0,0.0
491,0.233370135247,0.294117647059,0.228070175439,0.210680016688,0.224394057858,0.0,0.0,0.0,0.0,0.0
492,0.239396117901,0.25,0.14406779661,0.251179673321,0.226559855579,0.666666666667,0.0,0.0,0.0,0.0
493,0.244351237992,0.142857142857,0.183098591549,0.204081632653,0.216556432686,0.0,0.0,0.0,0.0,0.0
494,0.232351697901,0.025641025641,0.307692307692,0.228733459357,0.232272473479,0.0,0.0,0.0,0.0,0.0
495,0.231312112919,0.185185185185,0.375,0.206423815119,0.232372647028,0.0,0.0,0.0,0.0,0.0
496,0.23095105673,0.193548387097,0.171875,0.200377358491,0.230325064157,0.0,0.0,0.0,0.0,0.0
497,0.226553980371,0.25,0.164285714286,0.219085487078,0.229233314948,0.0,0.0,0.0,0.0,0.0
498,0.232968283317,0.4,0.151515151515,0.209856915739,0.227818803042,0.0,0.0,0.0,0.0,0.0
499,0.23699078204,0.291666666667,0.24347826087,0.256949960286,0.230980953429,0.0,1.0,0.0,0.0,0.0
